Line#,Date,"Wind Direction (S-WDA 20989094:20975986-1), *, AMNC, Kingston, NY","Wind Speed (S-WSB 20989094:20977362-1), m/s, AMNC, Kingston, NY","Gust Speed (S-WSB 20989094:20977362-2), m/s, AMNC, Kingston, NY","Temperature (S-THB 20989094:20977910-1), *C, AMNC, Kingston, NY","RH (S-THB 20989094:20977910-2), %, AMNC, Kingston, NY","Dew Point (S-THB 20989094:20977910-3), *C, AMNC, Kingston, NY","Pressure (S-BPB 20989094:20979916-1), mbar, AMNC, Kingston, NY"
1,04/01/21 00:15:00,173,0.5,4.5,14.41,90.40,12.87,"1,004.0"
2,04/01/21 01:15:00,177,0.5,3.5,14.58,91.60,13.24,"1,003.4"
3,04/01/21 02:15:00,160,0.5,3.5,14.43,91.20,13.03,"1,002.9"
4,04/01/21 03:15:00,73,2.0,10.6,9.21,92.00,7.99,"1,003.1"
5,04/01/21 04:15:00,27,4.0,9.6,7.17,96.40,6.64,"1,003.5"
6,04/01/21 05:15:00,25,3.5,8.6,5.74,96.00,5.16,"1,003.0"
7,04/01/21 06:15:00,20,2.5,6.5,5.36,95.50,4.70,"1,001.9"
8,04/01/21 07:15:00,4,1.5,6.5,5.90,88.90,4.21,"1,000.9"
9,04/01/21 08:15:00,293,0.5,5.5,6.46,84.50,4.04,"1,001.2"
10,04/01/21 09:15:00,345,2.5,9.1,7.12,68.10,1.64,"1,000.5"
11,04/01/21 10:15:00,352,3.5,10.6,7.29,62.50,0.61,"1,001.8"
12,04/01/21 11:15:00,355,3.0,11.1,6.31,70.00,1.25,"1,002.2"
13,04/01/21 12:15:00,14,3.5,8.6,5.36,75.90,1.46,"1,001.2"
14,04/01/21 13:15:00,20,3.0,9.6,5.00,80.00,1.84,"1,001.5"
15,04/01/21 14:15:00,10,1.5,6.0,5.26,81.20,2.30,"1,001.4"
16,04/01/21 15:15:00,1,2.0,8.1,5.95,77.80,2.38,"1,002.2"
17,04/01/21 16:15:00,316,1.0,5.5,8.17,58.00,0.41,"1,002.4"
18,04/01/21 17:15:00,347,3.0,8.6,8.82,44.80,-2.51,"1,000.5"
19,04/01/21 18:15:00,293,4.5,10.1,8.39,43.50,-3.29,"1,002.3"
20,04/01/21 19:15:00,295,5.0,9.6,7.09,48.10,-3.14,"1,002.9"
21,04/01/21 20:15:00,291,4.5,10.6,6.94,47.70,-3.39,"1,003.6"
22,04/01/21 21:15:00,306,4.5,9.1,6.26,48.00,-3.94,"1,004.2"
23,04/01/21 22:15:00,303,3.5,8.6,6.10,50.50,-3.40,"1,005.1"
24,04/01/21 23:15:00,300,2.5,6.5,5.18,53.70,-3.44,"1,005.9"
25,04/02/21 00:15:00,312,1.5,6.5,4.48,46.80,-5.90,"1,007.1"
26,04/02/21 01:15:00,338,2.0,6.0,3.46,48.60,-6.35,"1,008.4"
27,04/02/21 02:15:00,357,2.5,7.5,2.61,47.40,-7.45,"1,008.6"
28,04/02/21 03:15:00,355,2.5,7.5,2.07,47.50,-7.92,"1,009.0"
29,04/02/21 04:15:00,4,2.0,7.0,1.72,49.50,-7.71,"1,009.1"
30,04/02/21 05:15:00,18,2.0,5.5,0.00,56.70,-7.57,"1,009.4"
31,04/02/21 06:15:00,336,2.5,6.0,-0.42,49.70,-9.64,"1,010.0"
32,04/02/21 07:15:00,307,2.5,6.0,-0.90,46.90,-10.82,"1,009.9"
33,04/02/21 08:15:00,303,1.5,5.0,-1.84,48.40,-11.29,"1,010.7"
34,04/02/21 09:15:00,334,3.0,9.1,-3.42,47.60,-12.95,"1,012.0"
35,04/02/21 10:15:00,354,3.0,8.1,-3.42,44.70,-13.72,"1,012.8"
36,04/02/21 11:15:00,348,2.5,7.5,-3.15,43.00,-13.95,"1,013.5"
37,04/02/21 12:15:00,340,2.5,7.5,-2.77,44.40,-13.21,"1,013.9"
38,04/02/21 13:15:00,331,2.5,7.0,-2.30,40.90,-13.79,"1,013.9"
39,04/02/21 14:15:00,319,3.0,7.5,-1.27,41.50,-12.68,"1,014.1"
40,04/02/21 15:15:00,320,3.0,7.0,-1.56,45.60,-11.77,"1,014.1"
41,04/02/21 16:15:00,321,3.5,8.1,-0.26,35.40,-13.71,"1,013.6"
42,04/02/21 17:15:00,293,2.5,7.5,-0.26,36.40,-13.37,"1,013.8"
43,04/02/21 18:15:00,291,2.0,7.0,1.70,34.40,-12.33,"1,013.4"
44,04/02/21 19:15:00,326,2.5,6.5,2.34,34.90,-11.58,"1,013.1"
45,04/02/21 20:15:00,319,2.5,7.0,2.24,35.20,-11.57,"1,013.1"
46,04/02/21 21:15:00,314,2.0,5.5,2.72,33.50,-11.76,"1,013.4"
47,04/02/21 22:15:00,324,2.5,7.0,3.19,30.50,-12.50,"1,014.1"
48,04/02/21 23:15:00,302,3.5,8.6,2.18,32.50,-12.60,"1,015.1"
49,04/03/21 00:15:00,302,3.5,8.6,1.40,32.70,-13.22,"1,016.1"
50,04/03/21 01:15:00,300,3.0,7.5,1.18,31.10,-14.02,"1,016.9"
51,04/03/21 02:15:00,299,2.5,6.0,0.77,31.60,-14.19,"1,017.3"
52,04/03/21 03:15:00,293,2.0,6.0,0.44,33.30,-13.84,"1,017.4"
53,04/03/21 04:15:00,263,1.0,4.5,-0.68,37.50,-13.39,"1,017.7"
54,04/03/21 05:15:00,258,0.0,1.0,-2.02,44.30,-12.55,"1,017.6"
55,04/03/21 06:15:00,261,0.0,1.5,-3.04,53.60,-11.12,"1,017.5"
56,04/03/21 07:15:00,240,0.0,1.5,-3.06,53.60,-11.15,"1,017.4"
57,04/03/21 08:15:00,222,0.0,1.5,-2.25,52.60,-10.62,"1,017.4"
58,04/03/21 09:15:00,213,0.0,2.5,-3.18,55.90,-10.73,"1,018.1"
59,04/03/21 10:15:00,204,0.0,2.0,-3.99,59.10,-10.79,"1,019.1"
60,04/03/21 11:15:00,202,0.5,2.5,-3.39,61.40,-9.75,"1,019.9"
61,04/03/21 12:15:00,190,0.0,2.0,-1.18,53.50,-9.42,"1,020.3"
62,04/03/21 13:15:00,195,0.5,3.0,3.41,39.90,-8.94,"1,018.6"
63,04/03/21 14:15:00,102,0.5,4.0,5.77,28.60,-11.05,"1,018.2"
64,04/03/21 15:15:00,74,0.5,4.5,6.79,22.50,-13.15,"1,017.2"
65,04/03/21 16:15:00,154,1.0,4.5,8.57,21.50,-12.22,"1,016.6"
66,04/03/21 17:15:00,132,1.0,5.5,10.79,20.10,-11.20,"1,015.7"
67,04/03/21 18:15:00,135,1.0,4.5,9.78,18.90,-12.80,"1,015.4"
68,04/03/21 19:15:00,163,1.0,5.0,10.64,18.70,-12.22,"1,015.5"
69,04/03/21 20:15:00,21,1.0,5.0,12.44,17.30,-11.71,"1,014.8"
70,04/03/21 21:15:00,129,1.0,4.5,11.20,17.20,-12.79,"1,014.6"
71,04/03/21 22:15:00,143,0.5,3.5,12.46,16.70,-12.13,"1,014.4"
72,04/03/21 23:15:00,62,0.5,3.0,9.53,19.50,-12.62,"1,014.6"
73,04/04/21 00:15:00,122,0.0,2.0,7.37,26.60,-10.58,"1,014.9"
74,04/04/21 01:15:00,258,0.0,1.5,6.15,32.70,-9.03,"1,015.6"
75,04/04/21 02:15:00,320,0.0,1.5,4.17,40.70,-8.00,"1,015.6"
76,04/04/21 03:15:00,302,0.0,1.0,3.46,45.40,-7.23,"1,015.5"
77,04/04/21 04:15:00,279,0.0,1.5,2.21,49.80,-7.18,"1,015.6"
78,04/04/21 05:15:00,211,0.0,1.5,0.74,58.30,-6.51,"1,015.1"
79,04/04/21 06:15:00,206,0.0,1.0,0.60,61.10,-6.02,"1,014.6"
80,04/04/21 07:15:00,201,0.0,1.5,1.70,52.00,-7.10,"1,014.0"
81,04/04/21 08:15:00,177,0.0,1.5,1.86,67.70,-3.48,"1,013.7"
82,04/04/21 09:15:00,128,0.0,1.5,1.83,67.50,-3.54,"1,013.1"
83,04/04/21 10:15:00,140,0.0,1.0,2.72,60.00,-4.27,"1,013.1"
84,04/04/21 11:15:00,146,0.0,1.5,2.48,62.30,-3.99,"1,012.9"
85,04/04/21 12:15:00,147,0.0,1.0,2.50,63.20,-3.78,"1,012.7"
86,04/04/21 13:15:00,171,0.0,1.0,3.88,64.60,-2.18,"1,012.4"
87,04/04/21 14:15:00,166,0.0,0.5,7.19,50.10,-2.50,"1,011.9"
88,04/04/21 15:15:00,277,0.0,2.0,11.37,28.00,-6.48,"1,009.4"
89,04/04/21 16:15:00,86,0.5,3.0,11.61,23.60,-8.48,"1,010.6"
90,04/04/21 17:15:00,93,0.5,3.0,13.83,23.40,-6.71,"1,008.3"
91,04/04/21 18:15:00,37,1.0,4.0,15.63,22.80,-5.53,"1,007.6"
92,04/04/21 19:15:00,108,1.5,5.5,16.42,23.90,-4.25,"1,007.5"
93,04/04/21 20:15:00,53,2.0,6.0,16.68,25.40,-3.22,"1,006.8"
94,04/04/21 21:15:00,14,2.0,9.1,17.42,24.80,-2.91,"1,006.4"
95,04/04/21 22:15:00,303,3.5,9.1,15.29,27.80,-3.19,"1,006.5"
96,04/04/21 23:15:00,316,2.5,6.0,14.41,30.20,-2.84,"1,007.0"
97,04/05/21 00:15:00,314,2.5,8.1,13.33,32.50,-2.80,"1,007.9"
98,04/05/21 01:15:00,309,3.5,8.6,12.80,33.60,-2.82,"1,008.4"
99,04/05/21 02:15:00,320,2.5,7.0,11.86,35.30,-2.99,"1,009.0"
100,04/05/21 03:15:00,331,3.0,7.5,11.37,35.90,-3.19,"1,008.9"
101,04/05/21 04:15:00,320,3.5,9.6,11.10,37.80,-2.74,"1,008.5"
102,04/05/21 05:15:00,314,3.0,9.6,10.34,40.30,-2.56,"1,008.0"
103,04/05/21 06:15:00,293,2.5,7.5,11.05,37.80,-2.78,"1,007.3"
104,04/05/21 07:15:00,323,3.0,9.6,10.64,37.40,-3.30,"1,006.8"
105,04/05/21 08:15:00,323,3.5,9.6,10.27,38.30,-3.31,"1,006.4"
106,04/05/21 09:15:00,337,4.0,11.1,10.44,38.10,-3.22,"1,006.5"
107,04/05/21 10:15:00,347,5.0,12.1,10.00,37.70,-3.76,"1,006.8"
108,04/05/21 11:15:00,347,5.0,12.1,9.56,37.70,-4.15,"1,007.4"
109,04/05/21 12:15:00,343,4.0,10.6,9.78,37.30,-4.10,"1,007.6"
110,04/05/21 13:15:00,347,4.5,11.1,11.47,32.90,-4.27,"1,006.1"
111,04/05/21 14:15:00,340,4.0,10.6,13.50,28.60,-4.36,"1,005.5"
112,04/05/21 15:15:00,347,4.0,8.6,14.86,21.40,-7.00,"1,004.5"
113,04/05/21 16:15:00,15,3.5,7.5,16.30,22.90,-4.92,"1,003.7"
114,04/05/21 17:15:00,333,3.0,8.6,17.99,16.60,-7.72,"1,002.9"
115,04/05/21 18:15:00,358,4.0,12.1,18.91,14.80,-8.44,"1,002.8"
116,04/05/21 19:15:00,337,4.5,12.6,18.96,14.10,-9.03,"1,003.4"
117,04/05/21 20:15:00,330,4.5,11.6,18.84,15.30,-8.08,"1,003.2"
118,04/05/21 21:15:00,324,4.5,10.6,18.32,16.60,-7.45,"1,003.5"
119,04/05/21 22:15:00,314,4.0,9.1,17.65,18.20,-6.80,"1,003.6"
120,04/05/21 23:15:00,320,3.0,7.5,15.53,22.10,-6.02,"1,004.3"
121,04/06/21 00:15:00,303,2.5,6.5,14.17,25.30,-5.40,"1,005.3"
122,04/06/21 01:15:00,286,1.0,5.0,13.02,27.00,-5.53,"1,006.7"
123,04/06/21 02:15:00,295,3.0,7.5,11.95,29.00,-5.51,"1,007.2"
124,04/06/21 03:15:00,323,2.0,7.5,11.10,30.50,-5.59,"1,007.4"
125,04/06/21 04:15:00,333,1.5,5.5,10.54,33.00,-5.05,"1,007.3"
126,04/06/21 05:15:00,327,3.0,10.1,10.47,31.70,-5.64,"1,007.0"
127,04/06/21 06:15:00,313,4.5,9.6,10.49,29.60,-6.51,"1,006.5"
128,04/06/21 07:15:00,305,2.5,8.1,9.39,31.80,-6.55,"1,006.0"
129,04/06/21 08:15:00,285,1.5,4.5,8.49,33.40,-6.69,"1,005.9"
130,04/06/21 09:15:00,281,0.5,3.0,6.96,36.90,-6.75,"1,006.3"
131,04/06/21 10:15:00,289,0.5,4.0,7.17,35.70,-7.00,"1,006.7"
132,04/06/21 11:15:00,14,1.0,6.0,7.72,35.60,-6.55,"1,007.3"
133,04/06/21 12:15:00,11,1.5,5.0,8.44,35.50,-5.94,"1,007.6"
134,04/06/21 13:15:00,38,1.5,5.0,10.83,32.90,-4.83,"1,006.6"
135,04/06/21 14:15:00,24,2.0,8.6,12.82,23.80,-7.34,"1,006.3"
136,04/06/21 15:15:00,13,4.0,9.1,14.55,21.90,-6.96,"1,005.6"
137,04/06/21 16:15:00,25,3.5,7.5,15.70,20.90,-6.61,"1,004.6"
138,04/06/21 17:15:00,20,3.0,7.5,17.22,21.90,-4.73,"1,004.1"
139,04/06/21 18:15:00,31,4.0,8.1,17.42,24.40,-3.13,"1,003.7"
140,04/06/21 19:15:00,32,3.5,8.1,18.08,25.10,-2.18,"1,004.3"
141,04/06/21 20:15:00,44,2.5,6.5,19.17,23.50,-2.15,"1,004.2"
142,04/06/21 21:15:00,45,2.5,8.6,20.27,21.90,-2.18,"1,004.1"
143,04/06/21 22:15:00,29,3.0,8.1,19.44,20.60,-3.70,"1,004.6"
144,04/06/21 23:15:00,32,2.0,6.5,17.80,22.30,-4.01,"1,005.2"
145,04/07/21 00:15:00,347,0.5,3.0,15.20,26.10,-4.11,"1,006.0"
146,04/07/21 01:15:00,345,0.0,1.0,12.44,34.20,-2.90,"1,007.0"
147,04/07/21 02:15:00,344,0.0,0.5,10.91,38.10,-2.81,"1,007.3"
148,04/07/21 03:15:00,345,0.0,6.0,12.61,26.80,-5.98,"1,007.9"
149,04/07/21 04:15:00,7,2.5,6.5,12.75,31.50,-3.72,"1,008.2"
150,04/07/21 05:15:00,10,2.0,6.5,12.15,40.40,-0.90,"1,008.5"
151,04/07/21 06:15:00,344,0.5,4.5,11.69,43.30,-0.37,"1,008.5"
152,04/07/21 07:15:00,10,1.0,4.0,10.88,46.20,-0.21,"1,008.2"
153,04/07/21 08:15:00,28,0.5,4.5,9.04,53.00,-0.02,"1,007.8"
154,04/07/21 09:15:00,22,0.0,1.0,7.17,59.10,-0.28,"1,007.9"
155,04/07/21 10:15:00,20,0.0,1.5,5.95,64.20,-0.29,"1,009.1"
156,04/07/21 11:15:00,205,0.0,1.0,6.15,62.00,-0.58,"1,009.3"
157,04/07/21 12:15:00,225,0.0,1.5,10.34,49.20,0.16,"1,009.5"
158,04/07/21 13:15:00,1,0.0,3.0,14.53,42.50,1.95,"1,008.1"
159,04/07/21 14:15:00,29,1.5,4.5,14.60,45.00,2.81,"1,008.2"
160,04/07/21 15:15:00,34,2.5,7.0,16.08,41.10,2.88,"1,006.6"
161,04/07/21 16:15:00,39,3.0,7.5,17.56,39.70,3.71,"1,006.3"
162,04/07/21 17:15:00,32,3.0,7.5,19.60,35.90,4.10,"1,005.6"
163,04/07/21 18:15:00,35,3.0,7.5,19.63,34.80,3.68,"1,005.4"
164,04/07/21 19:15:00,27,3.0,8.1,20.46,34.60,4.33,"1,005.9"
165,04/07/21 20:15:00,31,3.5,9.1,20.75,34.00,4.33,"1,005.9"
166,04/07/21 21:15:00,34,4.0,10.1,20.89,33.50,4.25,"1,006.2"
167,04/07/21 22:15:00,32,2.5,6.0,21.13,33.00,4.24,"1,006.9"
168,04/07/21 23:15:00,27,2.0,5.5,19.58,36.30,4.24,"1,007.2"
169,04/08/21 00:15:00,39,1.0,3.0,18.20,40.40,4.54,"1,007.8"
170,04/08/21 01:15:00,21,0.5,2.5,15.49,48.10,4.57,"1,008.5"
171,04/08/21 02:15:00,1,0.0,2.0,15.56,49.30,4.99,"1,009.0"
172,04/08/21 03:15:00,76,0.5,4.0,15.06,51.70,5.21,"1,009.6"
173,04/08/21 04:15:00,119,0.5,3.0,13.55,52.40,4.00,"1,010.0"
174,04/08/21 05:15:00,142,0.5,3.5,12.03,55.10,3.30,"1,010.4"
175,04/08/21 06:15:00,174,1.0,3.0,11.00,58.20,3.12,"1,010.3"
176,04/08/21 07:15:00,133,0.0,2.5,10.03,60.80,2.81,"1,010.2"
177,04/08/21 08:15:00,139,0.0,1.0,8.74,67.10,2.99,"1,010.9"
178,04/08/21 09:15:00,168,0.0,2.0,8.12,71.60,3.31,"1,011.7"
179,04/08/21 10:15:00,195,0.0,1.5,6.99,77.20,3.28,"1,012.2"
180,04/08/21 11:15:00,197,0.0,1.0,6.89,80.70,3.81,"1,012.4"
181,04/08/21 12:15:00,195,0.0,0.5,9.21,69.60,3.95,"1,012.9"
182,04/08/21 13:15:00,197,0.0,2.5,13.86,52.60,4.35,"1,011.6"
183,04/08/21 14:15:00,187,1.5,5.0,17.34,42.40,4.46,"1,010.8"
184,04/08/21 15:15:00,183,1.5,6.0,20.03,38.40,5.45,"1,009.9"
185,04/08/21 16:15:00,173,1.0,4.5,21.10,35.40,5.23,"1,009.0"
186,04/08/21 17:15:00,100,1.0,4.0,21.70,34.10,5.21,"1,008.2"
187,04/08/21 18:15:00,114,1.5,4.0,22.70,32.00,5.18,"1,008.2"
188,04/08/21 19:15:00,108,1.5,4.0,23.02,30.50,4.76,"1,008.3"
189,04/08/21 20:15:00,104,1.5,5.0,23.66,29.10,4.65,"1,007.9"
190,04/08/21 21:15:00,105,1.5,5.0,23.79,28.10,4.25,"1,008.2"
191,04/08/21 22:15:00,104,1.0,4.0,23.98,27.30,4.01,"1,008.3"
192,04/08/21 23:15:00,175,1.5,4.0,21.99,29.40,3.35,"1,008.2"
193,04/09/21 00:15:00,171,1.0,2.5,20.03,34.30,3.83,"1,008.9"
194,04/09/21 01:15:00,168,1.5,6.0,17.82,43.90,5.39,"1,009.9"
195,04/09/21 02:15:00,170,2.0,6.0,16.13,49.70,5.63,"1,010.6"
196,04/09/21 03:15:00,170,1.5,4.0,14.94,53.90,5.70,"1,011.3"
197,04/09/21 04:15:00,171,1.0,3.5,13.28,59.00,5.45,"1,011.9"
198,04/09/21 05:15:00,168,2.0,6.0,12.53,62.30,5.53,"1,012.3"
199,04/09/21 06:15:00,171,1.5,4.0,11.64,66.00,5.51,"1,011.9"
200,04/09/21 07:15:00,171,1.0,3.5,10.91,69.60,5.58,"1,012.2"
201,04/09/21 08:15:00,171,1.5,3.5,9.90,73.90,5.48,"1,012.3"
202,04/09/21 09:15:00,175,1.0,3.0,9.19,77.40,5.45,"1,012.6"
203,04/09/21 10:15:00,175,0.0,2.0,8.52,81.00,5.45,"1,012.9"
204,04/09/21 11:15:00,171,0.0,2.0,9.01,80.50,5.85,"1,013.4"
205,04/09/21 12:15:00,173,1.0,3.0,11.18,73.50,6.63,"1,013.2"
206,04/09/21 13:15:00,168,1.5,4.5,14.17,62.10,7.03,"1,012.2"
207,04/09/21 14:15:00,178,0.5,3.5,18.46,49.40,7.69,"1,012.2"
208,04/09/21 15:15:00,181,1.0,4.5,19.08,46.40,7.33,"1,011.1"
209,04/09/21 16:15:00,126,1.5,5.0,19.75,41.30,6.24,"1,010.9"
210,04/09/21 17:15:00,171,2.0,6.5,22.11,34.50,5.74,"1,010.0"
211,04/09/21 18:15:00,184,2.0,7.0,21.49,33.60,4.81,"1,009.8"
212,04/09/21 19:15:00,184,2.5,7.0,21.51,31.20,3.78,"1,010.0"
213,04/09/21 20:15:00,177,2.5,7.5,20.13,35.20,4.28,"1,010.2"
214,04/09/21 21:15:00,174,2.5,7.0,19.17,38.10,4.57,"1,010.3"
215,04/09/21 22:15:00,174,2.5,6.5,18.10,46.20,6.38,"1,010.8"
216,04/09/21 23:15:00,195,1.5,5.0,16.42,52.70,6.74,"1,011.0"
217,04/10/21 00:15:00,181,2.0,5.5,15.77,56.80,7.24,"1,011.1"
218,04/10/21 01:15:00,170,1.5,5.0,15.08,57.20,6.69,"1,011.6"
219,04/10/21 02:15:00,174,1.5,5.0,14.53,58.10,6.40,"1,011.5"
220,04/10/21 03:15:00,175,1.5,5.0,13.76,60.60,6.29,"1,011.0"
221,04/10/21 04:15:00,171,1.5,3.5,13.16,63.60,6.42,"1,010.9"
222,04/10/21 05:15:00,173,1.0,3.5,12.77,65.90,6.57,"1,010.9"
223,04/10/21 06:15:00,174,1.5,4.5,12.90,65.20,6.53,"1,010.6"
224,04/10/21 07:15:00,170,1.5,4.5,12.10,69.10,6.62,"1,010.0"
225,04/10/21 08:15:00,168,2.0,5.0,12.00,69.80,6.67,"1,009.8"
226,04/10/21 09:15:00,171,1.0,3.5,11.93,71.40,6.93,"1,009.2"
227,04/10/21 10:15:00,171,1.0,3.5,12.00,72.30,7.18,"1,008.6"
228,04/10/21 11:15:00,168,1.5,6.0,12.46,72.50,7.67,"1,008.8"
229,04/10/21 12:15:00,175,2.0,6.0,13.43,70.90,8.27,"1,008.8"
230,04/10/21 13:15:00,177,2.0,6.5,15.41,66.50,9.22,"1,007.6"
231,04/10/21 14:15:00,174,2.5,7.0,17.65,63.40,10.64,"1,006.6"
232,04/10/21 15:15:00,181,2.5,6.5,19.27,58.80,11.03,"1,005.2"
233,04/10/21 16:15:00,177,2.0,5.5,21.22,53.60,11.45,"1,004.0"
234,04/10/21 17:15:00,181,2.5,7.0,21.89,50.00,11.02,"1,003.1"
235,04/10/21 18:15:00,174,3.0,7.5,23.28,47.40,11.48,"1,002.9"
236,04/10/21 19:15:00,178,3.0,8.6,24.27,45.90,11.90,"1,002.5"
237,04/10/21 20:15:00,178,3.0,8.1,24.41,44.20,11.46,"1,001.7"
238,04/10/21 21:15:00,175,3.0,9.1,23.14,47.50,11.38,"1,001.5"
239,04/10/21 22:15:00,183,3.0,7.5,21.63,53.90,11.91,"1,001.4"
240,04/10/21 23:15:00,178,2.5,7.0,20.15,59.70,12.08,"1,001.2"
241,04/11/21 00:15:00,177,2.0,5.0,19.17,64.00,12.22,"1,000.9"
242,04/11/21 01:15:00,177,2.0,5.5,18.20,67.50,12.10,"1,000.4"
243,04/11/21 02:15:00,183,2.0,7.0,17.49,70.50,12.08,999.9
244,04/11/21 03:15:00,177,1.5,4.0,16.77,73.90,12.11,999.9
245,04/11/21 04:15:00,171,1.5,5.0,16.27,76.10,12.07,999.5
246,04/11/21 05:15:00,174,1.0,4.0,15.99,77.50,12.07,999.0
247,04/11/21 06:15:00,167,2.0,5.0,15.70,78.90,12.07,998.4
248,04/11/21 07:15:00,174,1.5,4.0,14.86,82.50,11.93,997.9
249,04/11/21 08:15:00,168,1.5,3.5,14.00,86.20,11.75,997.7
250,04/11/21 09:15:00,170,0.5,3.0,13.50,87.10,11.41,997.1
251,04/11/21 10:15:00,168,0.5,3.0,13.23,89.50,11.56,997.3
252,04/11/21 11:15:00,171,0.0,1.0,14.03,87.40,11.98,996.9
253,04/11/21 12:15:00,171,0.0,1.5,15.46,82.70,12.55,996.5
254,04/11/21 13:15:00,173,0.0,1.0,18.30,73.80,13.56,995.8
255,04/11/21 14:15:00,167,0.0,2.0,19.75,67.30,13.53,995.3
256,04/11/21 15:15:00,126,0.5,4.0,20.58,60.90,12.79,994.7
257,04/11/21 16:15:00,197,1.0,4.0,21.75,57.80,13.09,994.3
258,04/11/21 17:15:00,183,0.5,3.5,22.18,58.80,13.75,993.9
259,04/11/21 18:15:00,154,1.0,5.0,20.67,59.70,12.58,993.8
260,04/11/21 19:15:00,167,2.0,6.0,20.22,61.60,12.63,993.6
261,04/11/21 20:15:00,115,1.0,6.0,18.60,65.40,12.01,993.9
262,04/11/21 21:15:00,74,1.5,6.0,16.68,71.60,11.54,994.8
263,04/11/21 22:15:00,87,1.5,5.5,16.11,66.50,9.88,995.1
264,04/11/21 23:15:00,83,2.0,6.5,14.24,66.20,8.04,996.2
265,04/12/21 00:15:00,72,1.5,7.0,11.83,76.20,7.79,997.1
266,04/12/21 01:15:00,39,1.0,3.5,10.91,80.40,7.68,997.6
267,04/12/21 02:15:00,28,0.5,2.5,10.42,84.80,7.98,998.0
268,04/12/21 03:15:00,35,0.5,3.0,10.39,81.20,7.32,998.2
269,04/12/21 04:15:00,44,0.5,3.0,9.78,82.80,7.01,998.4
270,04/12/21 05:15:00,45,0.5,3.0,9.93,80.10,6.67,999.0
271,04/12/21 06:15:00,48,0.5,3.0,9.14,84.50,6.67,999.0
272,04/12/21 07:15:00,45,0.5,3.5,8.49,86.40,6.36,999.3
273,04/12/21 08:15:00,7,0.5,3.5,8.14,90.00,6.61,999.6
274,04/12/21 09:15:00,336,0.5,3.5,7.79,85.10,5.46,999.7
275,04/12/21 10:15:00,350,0.0,2.5,7.82,84.60,5.40,"1,000.0"
276,04/12/21 11:15:00,352,0.0,1.5,8.64,83.10,5.94,"1,000.9"
277,04/12/21 12:15:00,289,0.0,2.5,8.44,83.20,5.77,"1,001.1"
278,04/12/21 13:15:00,331,0.5,4.0,9.53,75.30,5.39,"1,001.2"
279,04/12/21 14:15:00,7,2.0,5.5,10.69,65.40,4.48,"1,001.1"
280,04/12/21 15:15:00,7,1.5,4.0,12.22,62.00,5.17,"1,000.8"
281,04/12/21 16:15:00,13,1.5,5.0,12.77,58.60,4.88,"1,000.7"
282,04/12/21 17:15:00,22,1.0,4.5,12.63,59.60,4.99,"1,001.1"
283,04/12/21 18:15:00,38,1.0,4.0,11.69,63.00,4.89,"1,001.6"
284,04/12/21 19:15:00,15,2.0,5.5,11.49,69.30,6.08,"1,001.3"
285,04/12/21 20:15:00,27,2.0,5.5,11.88,68.70,6.32,"1,001.9"
286,04/12/21 21:15:00,48,1.0,4.5,10.88,79.30,7.45,"1,002.6"
287,04/12/21 22:15:00,28,1.0,3.0,10.30,82.30,7.42,"1,003.4"
288,04/12/21 23:15:00,24,1.0,3.0,9.68,91.90,8.44,"1,004.3"
289,04/13/21 00:15:00,25,1.0,4.0,9.19,93.60,8.22,"1,005.3"
290,04/13/21 01:15:00,14,1.5,4.0,8.84,90.90,7.45,"1,006.5"
291,04/13/21 02:15:00,6,0.0,2.5,8.74,92.20,7.56,"1,007.2"
292,04/13/21 03:15:00,4,0.0,2.0,8.69,91.20,7.35,"1,007.3"
293,04/13/21 04:15:00,4,0.0,2.0,8.37,88.00,6.51,"1,007.4"
294,04/13/21 05:15:00,6,0.0,1.5,8.00,89.90,6.45,"1,007.5"
295,04/13/21 06:15:00,10,0.5,2.0,7.77,86.30,5.63,"1,007.6"
296,04/13/21 07:15:00,14,0.0,1.5,6.71,90.30,5.24,"1,007.9"
297,04/13/21 08:15:00,21,0.0,0.5,5.69,95.40,5.02,"1,008.2"
298,04/13/21 09:15:00,14,0.0,1.0,6.43,92.50,5.31,"1,008.6"
299,04/13/21 10:15:00,348,0.0,1.5,6.38,90.90,5.01,"1,009.1"
300,04/13/21 11:15:00,355,0.0,1.0,7.22,89.50,5.61,"1,009.5"
301,04/13/21 12:15:00,1,0.5,3.5,8.39,83.70,5.81,"1,010.1"
302,04/13/21 13:15:00,355,1.0,4.0,10.25,77.30,6.46,"1,010.0"
303,04/13/21 14:15:00,7,1.5,4.5,14.03,58.90,6.13,"1,008.9"
304,04/13/21 15:15:00,39,2.0,7.0,15.44,52.10,5.67,"1,008.7"
305,04/13/21 16:15:00,358,1.5,6.0,15.84,48.50,5.02,"1,008.0"
306,04/13/21 17:15:00,42,1.0,5.0,17.25,44.40,5.03,"1,007.8"
307,04/13/21 18:15:00,38,2.0,6.0,17.87,43.00,5.13,"1,008.2"
308,04/13/21 19:15:00,45,2.0,6.0,19.75,38.30,5.15,"1,007.9"
309,04/13/21 20:15:00,29,2.0,7.0,20.41,36.90,5.21,"1,007.9"
310,04/13/21 21:15:00,17,1.5,5.5,20.46,37.00,5.29,"1,008.0"
311,04/13/21 22:15:00,56,1.5,4.0,19.63,38.70,5.20,"1,008.4"
312,04/13/21 23:15:00,48,1.0,4.0,17.99,41.70,4.80,"1,008.5"
313,04/14/21 00:15:00,55,0.0,2.0,17.03,44.80,4.96,"1,008.9"
314,04/14/21 01:15:00,55,0.0,1.0,15.60,52.80,6.02,"1,009.4"
315,04/14/21 02:15:00,306,0.0,2.5,15.08,56.70,6.56,"1,009.6"
316,04/14/21 03:15:00,240,0.0,2.0,14.27,59.80,6.57,"1,009.5"
317,04/14/21 04:15:00,213,0.5,3.0,13.11,64.50,6.58,"1,009.4"
318,04/14/21 05:15:00,218,0.5,3.0,11.88,71.70,6.95,"1,009.4"
319,04/14/21 06:15:00,190,0.5,3.0,11.22,74.70,6.91,"1,009.4"
320,04/14/21 07:15:00,190,0.0,2.0,10.47,78.20,6.84,"1,009.7"
321,04/14/21 08:15:00,198,0.0,1.5,10.20,79.30,6.78,"1,009.6"
322,04/14/21 09:15:00,201,0.0,2.0,9.31,82.60,6.51,"1,009.7"
323,04/14/21 10:15:00,202,0.0,1.5,7.92,86.90,5.88,"1,010.1"
324,04/14/21 11:15:00,204,0.0,2.0,8.29,85.90,6.08,"1,010.4"
325,04/14/21 12:15:00,201,0.5,3.0,10.81,76.10,6.78,"1,010.1"
326,04/14/21 13:15:00,183,0.5,3.0,14.86,61.90,7.64,"1,008.5"
327,04/14/21 14:15:00,163,0.0,2.0,19.51,48.90,8.50,"1,007.1"
328,04/14/21 15:15:00,121,0.5,2.5,20.17,37.60,5.27,"1,006.2"
329,04/14/21 16:15:00,107,1.0,4.0,23.64,30.10,5.11,"1,005.7"
330,04/14/21 17:15:00,94,1.5,5.0,21.77,24.80,0.78,"1,005.9"
331,04/14/21 18:15:00,117,1.0,4.5,21.87,27.00,2.05,"1,005.4"
332,04/14/21 19:15:00,178,2.0,5.5,23.09,29.00,4.10,"1,004.2"
333,04/14/21 20:15:00,171,2.5,6.5,21.32,31.60,3.79,"1,003.5"
334,04/14/21 21:15:00,174,2.0,6.0,20.77,31.40,3.22,"1,003.3"
335,04/14/21 22:15:00,201,2.5,6.0,19.29,43.20,6.49,"1,003.5"
336,04/14/21 23:15:00,212,1.5,5.5,18.13,48.40,7.08,"1,003.2"
337,04/15/21 00:15:00,205,1.5,4.5,17.32,49.50,6.67,"1,003.4"
338,04/15/21 01:15:00,178,1.5,4.5,16.49,58.70,8.39,"1,003.6"
339,04/15/21 02:15:00,184,1.0,4.5,15.82,65.60,9.41,"1,003.1"
340,04/15/21 03:15:00,183,1.0,3.0,15.53,69.90,10.08,"1,002.6"
341,04/15/21 04:15:00,185,1.0,4.0,15.29,71.70,10.23,"1,002.4"
342,04/15/21 05:15:00,171,1.0,3.0,14.98,72.00,9.99,"1,001.9"
343,04/15/21 06:15:00,178,1.0,4.5,14.55,71.80,9.54,"1,001.3"
344,04/15/21 07:15:00,178,1.5,4.0,14.34,71.50,9.27,"1,000.9"
345,04/15/21 08:15:00,177,1.0,4.0,13.95,75.10,9.63,"1,000.3"
346,04/15/21 09:15:00,171,1.5,4.5,13.67,78.80,10.07,999.9
347,04/15/21 10:15:00,168,1.0,5.0,12.63,79.40,9.17,999.9
348,04/15/21 11:15:00,125,1.0,4.5,12.22,81.30,9.12,999.9
349,04/15/21 12:15:00,136,0.5,3.5,11.71,82.50,8.84,999.9
350,04/15/21 13:15:00,153,0.5,3.5,12.65,80.00,9.31,999.4
351,04/15/21 14:15:00,149,1.0,6.0,12.44,80.40,9.17,999.3
352,04/15/21 15:15:00,136,1.0,4.5,13.40,75.20,9.11,998.6
353,04/15/21 16:15:00,160,2.0,7.0,13.28,75.90,9.14,997.9
354,04/15/21 17:15:00,143,1.5,6.0,13.47,77.70,9.67,996.9
355,04/15/21 18:15:00,135,1.5,5.0,12.05,86.70,9.91,996.7
356,04/15/21 19:15:00,126,1.5,5.5,11.54,89.40,9.87,995.9
357,04/15/21 20:15:00,163,2.0,7.5,10.27,91.20,8.91,996.4
358,04/15/21 21:15:00,256,2.5,7.0,9.01,85.10,6.65,996.9
359,04/15/21 22:15:00,305,1.0,5.0,8.44,88.10,6.60,997.6
360,04/15/21 23:15:00,10,1.0,4.0,7.54,95.10,6.82,998.4
361,04/16/21 00:15:00,22,2.0,5.5,6.46,93.20,5.45,999.3
362,04/16/21 01:15:00,20,2.5,6.5,5.23,95.30,4.54,999.6
363,04/16/21 02:15:00,27,2.0,6.0,4.43,94.40,3.61,999.3
364,04/16/21 03:15:00,21,2.0,6.5,3.91,94.90,3.17,998.9
365,04/16/21 04:15:00,32,1.5,5.5,3.27,95.10,2.57,998.9
366,04/16/21 05:15:00,20,1.0,3.0,3.22,95.60,2.59,998.6
367,04/16/21 06:15:00,24,0.5,3.0,2.98,95.30,2.31,998.1
368,04/16/21 07:15:00,22,0.5,3.5,2.98,94.60,2.20,997.9
369,04/16/21 08:15:00,8,0.5,3.5,3.22,95.70,2.60,997.4
370,04/16/21 09:15:00,323,0.5,2.0,2.74,95.60,2.11,997.2
371,04/16/21 10:15:00,350,0.5,3.0,2.72,96.30,2.19,997.1
372,04/16/21 11:15:00,303,0.5,2.0,3.17,95.20,2.48,996.7
373,04/16/21 12:15:00,299,0.0,2.5,3.93,92.90,2.89,996.5
374,04/16/21 13:15:00,3,0.5,2.5,3.98,92.20,2.84,996.2
375,04/16/21 14:15:00,0,0.5,3.0,4.77,89.30,3.16,996.0
376,04/16/21 15:15:00,27,1.0,3.0,4.92,91.00,3.58,996.0
377,04/16/21 16:15:00,10,1.0,3.5,7.19,84.30,4.73,994.6
378,04/16/21 17:15:00,13,1.5,5.5,6.61,83.70,4.06,994.9
379,04/16/21 18:15:00,29,2.5,7.0,6.94,80.70,3.86,994.9
380,04/16/21 19:15:00,21,1.5,5.5,8.69,75.20,4.56,994.8
381,04/16/21 20:15:00,13,1.5,5.0,8.47,68.70,3.06,994.8
382,04/16/21 21:15:00,22,2.0,6.0,8.02,70.10,2.91,995.2
383,04/16/21 22:15:00,24,1.5,4.5,7.64,73.20,3.16,995.9
384,04/16/21 23:15:00,22,2.0,6.0,6.26,82.90,3.57,996.7
385,04/17/21 00:15:00,18,2.0,5.5,6.03,82.30,3.24,997.3
386,04/17/21 01:15:00,18,3.0,8.6,5.69,79.90,2.50,998.0
387,04/17/21 02:15:00,14,3.0,7.0,5.51,80.10,2.36,998.3
388,04/17/21 03:15:00,11,2.5,6.5,5.15,82.60,2.44,998.5
389,04/17/21 04:15:00,13,2.0,5.5,5.05,82.80,2.37,998.5
390,04/17/21 05:15:00,24,1.5,4.5,5.02,81.30,2.09,998.7
391,04/17/21 06:15:00,15,1.5,4.0,4.79,83.60,2.26,998.8
392,04/17/21 07:15:00,17,1.5,4.5,4.66,84.10,2.21,998.8
393,04/17/21 08:15:00,14,2.0,5.0,4.56,82.90,1.91,998.9
394,04/17/21 09:15:00,20,0.0,3.0,3.98,85.30,1.74,999.2
395,04/17/21 10:15:00,46,0.0,2.5,3.59,87.90,1.78,999.8
396,04/17/21 11:15:00,20,0.0,1.0,4.25,87.90,2.42,"1,000.2"
397,04/17/21 12:15:00,324,0.0,1.0,5.80,84.30,3.36,"1,000.8"
398,04/17/21 13:15:00,4,1.5,4.5,7.37,72.00,2.66,"1,000.5"
399,04/17/21 14:15:00,355,0.5,3.0,11.56,62.60,4.68,999.4
400,04/17/21 15:15:00,317,0.5,3.0,8.72,62.90,2.05,"1,000.6"
401,04/17/21 16:15:00,220,0.5,3.5,11.98,54.80,3.18,"1,000.2"
402,04/17/21 17:15:00,295,1.5,6.0,11.08,48.00,0.50,999.8
403,04/17/21 18:15:00,357,2.0,5.5,11.32,48.80,0.95,"1,000.1"
404,04/17/21 19:15:00,38,2.0,6.0,10.59,53.20,1.47,"1,000.0"
405,04/17/21 20:15:00,34,1.5,5.0,10.59,54.30,1.76,"1,000.2"
406,04/17/21 21:15:00,354,1.0,3.5,11.39,50.10,1.38,"1,000.6"
407,04/17/21 22:15:00,0,1.5,4.5,10.20,57.90,2.29,"1,001.0"
408,04/17/21 23:15:00,347,0.0,2.0,10.30,55.80,1.86,"1,000.9"
409,04/18/21 00:15:00,25,0.0,2.0,9.11,63.50,2.56,"1,001.5"
410,04/18/21 01:15:00,32,0.0,1.0,8.82,66.50,2.93,"1,001.9"
411,04/18/21 02:15:00,194,0.0,1.5,8.57,70.00,3.42,"1,001.9"
412,04/18/21 03:15:00,199,0.0,1.0,8.27,75.80,4.26,"1,002.0"
413,04/18/21 04:15:00,208,0.0,1.0,7.72,78.10,4.15,"1,001.8"
414,04/18/21 05:15:00,44,0.0,2.0,7.27,77.60,3.62,"1,001.7"
415,04/18/21 06:15:00,10,0.0,1.0,6.08,85.50,3.83,"1,001.5"
416,04/18/21 07:15:00,357,0.0,1.0,5.97,85.90,3.80,"1,001.4"
417,04/18/21 08:15:00,338,0.0,2.0,5.87,88.10,4.06,"1,001.8"
418,04/18/21 09:15:00,185,0.0,1.5,5.59,88.00,3.77,"1,001.6"
419,04/18/21 10:15:00,188,0.0,1.5,5.80,85.60,3.57,"1,002.0"
420,04/18/21 11:15:00,161,0.0,1.5,7.09,82.50,4.32,"1,002.2"
421,04/18/21 12:15:00,195,0.0,1.5,9.78,73.20,5.22,"1,002.4"
422,04/18/21 13:15:00,184,0.5,3.0,10.20,66.30,4.21,"1,002.4"
423,04/18/21 14:15:00,187,0.5,3.0,13.62,55.20,4.81,"1,000.6"
424,04/18/21 15:15:00,288,1.0,4.0,16.65,44.90,4.65,999.7
425,04/18/21 16:15:00,234,1.0,3.5,17.34,39.50,3.45,998.9
426,04/18/21 17:15:00,284,1.0,4.5,17.27,35.80,2.00,999.9
427,04/18/21 18:15:00,302,2.0,6.0,16.44,33.40,0.30,"1,000.0"
428,04/18/21 19:15:00,320,1.5,6.0,16.08,35.30,0.75,"1,000.2"
429,04/18/21 20:15:00,27,0.5,3.0,15.13,41.10,2.02,"1,000.6"
430,04/18/21 21:15:00,320,1.0,3.0,15.39,41.00,2.22,"1,000.9"
431,04/18/21 22:15:00,236,0.5,3.5,15.13,42.90,2.62,"1,001.1"
432,04/18/21 23:15:00,227,0.5,3.5,14.19,42.90,1.77,"1,001.8"
433,04/19/21 00:15:00,220,0.0,2.0,13.28,45.60,1.80,"1,002.4"
434,04/19/21 01:15:00,338,0.0,2.5,12.94,50.10,2.81,"1,002.9"
435,04/19/21 02:15:00,306,0.0,1.0,11.18,57.60,3.13,"1,003.2"
436,04/19/21 03:15:00,233,0.5,2.5,10.64,58.20,2.78,"1,003.0"
437,04/19/21 04:15:00,191,0.0,2.5,9.39,65.70,3.30,"1,003.2"
438,04/19/21 05:15:00,192,0.0,2.0,8.89,69.20,3.56,"1,003.4"
439,04/19/21 06:15:00,201,0.0,2.0,8.27,73.40,3.80,"1,003.5"
440,04/19/21 07:15:00,204,0.0,2.0,7.47,76.00,3.52,"1,003.5"
441,04/19/21 08:15:00,202,0.0,2.5,7.77,75.70,3.76,"1,003.6"
442,04/19/21 09:15:00,195,0.0,2.0,7.32,77.30,3.62,"1,003.6"
443,04/19/21 10:15:00,173,0.0,1.5,5.44,84.80,3.09,"1,003.9"
444,04/19/21 11:15:00,173,0.0,0.5,6.43,84.30,3.98,"1,003.6"
445,04/19/21 12:15:00,187,0.0,2.5,9.24,71.50,4.36,"1,003.9"
446,04/19/21 13:15:00,190,1.0,3.5,14.03,55.30,5.22,"1,002.5"
447,04/19/21 14:15:00,166,0.5,3.0,16.77,47.30,5.51,"1,001.6"
448,04/19/21 15:15:00,102,1.0,4.0,18.89,37.00,3.90,"1,001.3"
449,04/19/21 16:15:00,153,1.0,4.5,19.25,32.50,2.38,"1,001.5"
450,04/19/21 17:15:00,11,2.0,5.5,17.06,43.20,4.47,"1,001.4"
451,04/19/21 18:15:00,6,1.5,5.0,17.91,37.80,3.34,"1,000.5"
452,04/19/21 19:15:00,358,0.5,5.0,21.63,28.70,2.70,999.8
453,04/19/21 20:15:00,198,2.5,7.0,18.27,35.20,2.65,"1,000.3"
454,04/19/21 21:15:00,185,2.0,6.5,18.06,38.50,3.72,"1,000.8"
455,04/19/21 22:15:00,170,0.5,5.0,14.15,57.90,5.99,"1,002.1"
456,04/19/21 23:15:00,22,2.0,5.5,12.94,65.70,6.69,"1,002.2"
457,04/20/21 00:15:00,22,0.0,4.0,12.19,69.80,6.86,"1,002.8"
458,04/20/21 01:15:00,17,0.0,1.5,10.76,79.00,7.28,"1,003.4"
459,04/20/21 02:15:00,11,0.0,1.0,9.11,85.70,6.85,"1,003.3"
460,04/20/21 03:15:00,11,0.0,0.5,8.12,88.90,6.41,"1,003.5"
461,04/20/21 04:15:00,277,0.0,1.5,7.77,90.60,6.34,"1,003.4"
462,04/20/21 05:15:00,229,0.0,1.0,6.59,93.50,5.62,"1,003.5"
463,04/20/21 06:15:00,215,0.5,2.5,6.69,92.90,5.63,"1,003.7"
464,04/20/21 07:15:00,202,0.5,3.0,6.18,92.90,5.12,"1,003.8"
465,04/20/21 08:15:00,187,0.5,2.5,5.82,93.70,4.89,"1,003.6"
466,04/20/21 09:15:00,175,0.0,2.0,4.45,94.90,3.71,"1,003.8"
467,04/20/21 10:15:00,174,0.0,1.5,5.05,94.10,4.18,"1,003.8"
468,04/20/21 11:15:00,175,0.0,1.5,6.38,93.70,5.45,"1,003.9"
469,04/20/21 12:15:00,184,1.0,4.5,8.54,86.10,6.36,"1,004.1"
470,04/20/21 13:15:00,171,2.0,6.5,13.62,64.00,6.95,"1,002.7"
471,04/20/21 14:15:00,188,3.0,9.1,16.77,50.40,6.42,"1,002.1"
472,04/20/21 15:15:00,197,3.5,9.1,20.67,38.90,6.21,"1,001.4"
473,04/20/21 16:15:00,220,3.5,11.1,22.61,29.20,3.79,"1,001.0"
474,04/20/21 17:15:00,236,4.5,11.6,23.50,27.40,3.65,"1,000.9"
475,04/20/21 18:15:00,251,4.0,11.6,22.03,28.40,2.90,"1,002.4"
476,04/20/21 19:15:00,261,3.5,9.6,22.15,28.70,3.15,"1,002.4"
477,04/20/21 20:15:00,298,3.0,10.6,16.49,46.30,4.94,"1,002.7"
478,04/20/21 21:15:00,21,4.0,9.6,15.15,49.50,4.67,"1,003.4"
479,04/20/21 22:15:00,31,3.0,7.5,14.55,50.20,4.32,"1,003.5"
480,04/20/21 23:15:00,35,3.0,8.6,12.85,55.30,4.12,"1,004.1"
481,04/21/21 00:15:00,28,3.0,8.6,11.98,57.60,3.89,"1,004.9"
482,04/21/21 01:15:00,31,3.0,8.6,10.59,58.30,2.75,"1,005.5"
483,04/21/21 02:15:00,29,2.5,7.0,10.08,58.80,2.39,"1,005.6"
484,04/21/21 03:15:00,27,2.5,8.6,9.39,59.50,1.91,"1,006.1"
485,04/21/21 04:15:00,22,2.5,7.0,8.44,59.90,1.11,"1,005.7"
486,04/21/21 05:15:00,24,2.0,6.0,7.84,62.40,1.12,"1,005.2"
487,04/21/21 06:15:00,28,2.0,6.5,7.19,65.70,1.21,"1,004.2"
488,04/21/21 07:15:00,32,1.5,5.5,6.51,69.80,1.40,"1,003.4"
489,04/21/21 08:15:00,35,1.0,4.0,5.80,71.90,1.13,"1,002.8"
490,04/21/21 09:15:00,25,0.5,3.5,5.23,75.80,1.32,"1,001.6"
491,04/21/21 10:15:00,3,0.5,2.5,4.64,78.50,1.22,"1,000.9"
492,04/21/21 11:15:00,1,0.0,2.0,4.84,78.50,1.43,"1,000.2"
493,04/21/21 12:15:00,15,1.0,4.5,6.46,69.70,1.33,999.2
494,04/21/21 13:15:00,20,1.0,5.0,7.39,70.40,2.37,998.3
495,04/21/21 14:15:00,21,1.0,4.0,8.87,67.90,3.27,996.0
496,04/21/21 15:15:00,355,1.0,4.0,11.03,61.70,3.97,996.1
497,04/21/21 16:15:00,354,0.5,3.0,15.32,51.20,5.31,994.3
498,04/21/21 17:15:00,74,0.5,3.0,18.03,46.30,6.35,990.7
499,04/21/21 18:15:00,331,1.5,5.0,14.53,58.30,6.45,992.0
500,04/21/21 19:15:00,299,4.5,13.6,6.64,78.80,3.23,994.5
501,04/21/21 20:15:00,316,2.0,8.6,6.71,77.20,3.01,995.7
502,04/21/21 21:15:00,15,2.0,6.0,5.64,67.40,0.08,996.6
503,04/21/21 22:15:00,6,2.0,6.5,6.74,60.30,-0.40,997.3
504,04/21/21 23:15:00,295,4.5,9.6,4.66,53.50,-3.97,998.3
505,04/22/21 00:15:00,289,4.0,10.1,3.91,53.20,-4.75,998.6
506,04/22/21 01:15:00,295,4.0,9.6,3.46,51.30,-5.64,999.9
507,04/22/21 02:15:00,300,3.5,8.6,3.19,48.90,-6.51,"1,000.4"
508,04/22/21 03:15:00,300,3.0,6.5,3.14,50.10,-6.24,"1,000.2"
509,04/22/21 04:15:00,345,1.5,4.5,1.75,67.00,-3.72,"1,000.2"
510,04/22/21 05:15:00,309,0.5,4.5,2.13,63.10,-4.16,999.6
511,04/22/21 06:15:00,274,3.0,8.1,1.80,52.20,-6.95,999.1
512,04/22/21 07:15:00,278,4.0,10.6,1.53,50.30,-7.68,998.9
513,04/22/21 08:15:00,274,3.5,8.6,1.40,49.80,-7.93,999.1
514,04/22/21 09:15:00,270,2.0,8.1,1.48,50.60,-7.65,999.4
515,04/22/21 10:15:00,281,3.5,8.6,1.23,51.50,-7.65,999.5
516,04/22/21 11:15:00,271,2.0,7.0,1.80,49.80,-7.56,"1,000.4"
517,04/22/21 12:15:00,278,3.5,12.1,2.07,49.50,-7.39,"1,000.8"
518,04/22/21 13:15:00,293,4.0,8.6,1.72,57.60,-5.74,"1,001.1"
519,04/22/21 14:15:00,288,3.5,10.6,4.66,39.10,-8.07,999.9
520,04/22/21 15:15:00,291,4.5,11.6,4.64,37.10,-8.76,"1,000.2"
521,04/22/21 16:15:00,284,4.5,14.1,5.08,35.40,-8.97,"1,000.9"
522,04/22/21 17:15:00,286,4.5,12.1,7.29,34.00,-7.52,"1,000.1"
523,04/22/21 18:15:00,277,4.0,11.1,6.51,34.70,-7.95,"1,000.9"
524,04/22/21 19:15:00,278,5.0,11.6,7.74,35.70,-6.49,"1,000.5"
525,04/22/21 20:15:00,268,4.5,12.1,6.76,38.90,-6.25,"1,001.1"
526,04/22/21 21:15:00,295,3.5,10.1,7.04,33.20,-8.05,"1,001.6"
527,04/22/21 22:15:00,286,4.0,9.1,6.38,33.40,-8.55,"1,002.0"
528,04/22/21 23:15:00,295,4.0,10.1,5.46,41.20,-6.67,"1,003.0"
529,04/23/21 00:15:00,291,3.5,9.6,5.10,42.10,-6.71,"1,003.9"
530,04/23/21 01:15:00,268,2.0,10.1,4.58,48.00,-5.47,"1,004.8"
531,04/23/21 02:15:00,267,3.0,9.1,3.54,55.90,-4.43,"1,005.1"
532,04/23/21 03:15:00,239,1.5,7.5,3.41,59.70,-3.68,"1,005.0"
533,04/23/21 04:15:00,274,3.0,8.6,3.93,52.90,-4.80,"1,005.4"
534,04/23/21 05:15:00,267,3.0,8.1,3.22,54.80,-4.99,"1,005.4"
535,04/23/21 06:15:00,267,2.5,6.5,3.25,48.90,-6.46,"1,005.5"
536,04/23/21 07:15:00,268,2.5,6.5,2.96,50.60,-6.29,"1,005.9"
537,04/23/21 08:15:00,226,0.5,4.0,1.97,55.30,-6.05,"1,006.1"
538,04/23/21 09:15:00,248,1.5,5.5,1.75,56.20,-6.04,"1,006.5"
539,04/23/21 10:15:00,218,1.0,4.5,1.23,59.60,-5.75,"1,007.0"
540,04/23/21 11:15:00,198,1.5,5.5,2.80,54.10,-5.56,"1,007.1"
541,04/23/21 12:15:00,209,2.0,5.5,4.97,48.50,-4.98,"1,007.5"
542,04/23/21 13:15:00,216,1.5,6.0,8.72,42.30,-3.38,"1,006.0"
543,04/23/21 14:15:00,253,2.5,10.1,9.68,31.20,-6.53,"1,005.1"
544,04/23/21 15:15:00,278,4.5,10.6,11.73,28.40,-5.98,"1,005.5"
545,04/23/21 16:15:00,270,3.0,9.1,14.29,24.10,-5.94,"1,003.8"
546,04/23/21 17:15:00,281,3.5,8.1,14.34,23.20,-6.39,"1,003.1"
547,04/23/21 18:15:00,296,4.0,9.1,14.36,23.00,-6.49,"1,003.0"
548,04/23/21 19:15:00,268,3.5,9.6,16.87,21.50,-5.27,"1,003.4"
549,04/23/21 20:15:00,284,4.0,11.1,16.46,20.50,-6.23,"1,003.1"
550,04/23/21 21:15:00,282,4.0,9.1,16.99,20.20,-5.99,"1,003.3"
551,04/23/21 22:15:00,279,3.5,9.1,16.94,20.90,-5.58,"1,003.6"
552,04/23/21 23:15:00,277,3.0,7.0,16.49,23.00,-4.70,"1,003.7"
553,04/24/21 00:15:00,260,1.5,7.5,14.00,27.00,-4.69,"1,004.4"
554,04/24/21 01:15:00,239,0.5,5.5,13.91,28.00,-4.29,"1,005.0"
555,04/24/21 02:15:00,261,0.5,4.0,11.30,33.70,-4.10,"1,005.2"
556,04/24/21 03:15:00,234,0.0,2.0,9.14,42.30,-2.99,"1,005.3"
557,04/24/21 04:15:00,303,0.0,2.0,10.10,39.70,-2.98,"1,005.7"
558,04/24/21 05:15:00,173,0.5,4.0,9.31,41.20,-3.19,"1,005.6"
559,04/24/21 06:15:00,232,0.5,3.5,8.47,43.10,-3.35,"1,005.5"
560,04/24/21 07:15:00,190,2.0,5.0,8.94,42.20,-3.21,"1,006.1"
561,04/24/21 08:15:00,187,1.5,4.5,8.00,46.00,-2.91,"1,006.8"
562,04/24/21 09:15:00,205,1.0,4.5,7.44,48.80,-2.62,"1,007.1"
563,04/24/21 10:15:00,197,1.0,4.0,8.07,47.20,-2.49,"1,007.2"
564,04/24/21 11:15:00,178,1.0,3.5,8.99,46.50,-1.85,"1,007.5"
565,04/24/21 12:15:00,183,1.0,4.0,12.36,40.80,-0.57,"1,007.9"
566,04/24/21 13:15:00,201,1.5,4.5,14.41,36.40,-0.31,"1,007.3"
567,04/24/21 14:15:00,237,1.5,5.5,19.41,25.90,-0.62,"1,006.2"
568,04/24/21 15:15:00,247,2.0,7.0,20.56,24.00,-0.70,"1,005.9"
569,04/24/21 16:15:00,229,1.5,6.0,22.30,21.60,-0.68,"1,004.9"
570,04/24/21 17:15:00,223,1.5,5.0,22.54,17.50,-3.33,"1,004.8"
571,04/24/21 18:15:00,236,1.5,6.0,24.29,17.40,-1.99,"1,003.9"
572,04/24/21 19:15:00,241,1.5,6.0,23.64,16.90,-2.90,"1,003.4"
573,04/24/21 20:15:00,201,2.0,6.5,22.94,18.00,-2.62,"1,002.9"
574,04/24/21 21:15:00,209,2.0,6.5,22.51,18.10,-2.90,"1,002.7"
575,04/24/21 22:15:00,209,1.5,6.0,21.03,19.20,-3.32,"1,002.8"
576,04/24/21 23:15:00,192,1.5,6.0,19.46,23.50,-1.91,"1,002.7"
577,04/25/21 00:15:00,195,1.5,5.0,18.18,25.80,-1.73,"1,002.7"
578,04/25/21 01:15:00,168,1.0,4.5,16.75,30.50,-0.68,"1,003.4"
579,04/25/21 02:15:00,181,1.0,4.0,16.56,30.90,-0.66,"1,003.2"
580,04/25/21 03:15:00,185,1.0,4.0,16.08,32.20,-0.52,"1,002.6"
581,04/25/21 04:15:00,173,1.0,3.0,15.06,37.80,0.79,"1,002.0"
582,04/25/21 05:15:00,171,1.0,3.5,14.34,40.50,1.10,"1,001.4"
583,04/25/21 06:15:00,175,1.0,3.5,14.03,41.80,1.26,"1,000.4"
584,04/25/21 07:15:00,166,1.0,4.5,13.21,48.40,2.57,"1,000.2"
585,04/25/21 08:15:00,170,1.0,4.0,13.02,49.60,2.73,"1,000.3"
586,04/25/21 09:15:00,191,1.0,3.0,11.03,67.30,5.21,"1,000.1"
587,04/25/21 10:15:00,194,0.5,3.0,9.73,80.80,6.60,"1,000.1"
588,04/25/21 11:15:00,199,0.0,2.0,10.15,83.90,7.56,"1,000.5"
589,04/25/21 12:15:00,198,0.0,2.0,9.88,88.90,8.14,"1,000.6"
590,04/25/21 13:15:00,218,0.0,1.5,11.81,82.70,8.97,999.6
591,04/25/21 14:15:00,260,0.0,1.5,11.66,78.40,8.04,999.7
592,04/25/21 15:15:00,241,0.5,2.5,15.56,62.60,8.46,998.5
593,04/25/21 16:15:00,265,0.5,3.0,15.01,57.60,6.73,998.4
594,04/25/21 17:15:00,350,0.5,3.0,16.80,50.60,6.50,997.9
595,04/25/21 18:15:00,310,1.0,4.5,16.11,48.90,5.37,997.5
596,04/25/21 19:15:00,333,1.5,4.5,14.77,52.30,5.11,998.1
597,04/25/21 20:15:00,0,1.5,4.0,18.10,48.60,7.12,997.7
598,04/25/21 21:15:00,8,0.5,3.5,15.49,54.40,6.34,998.1
599,04/25/21 22:15:00,29,0.5,2.5,16.15,52.10,6.33,998.7
600,04/25/21 23:15:00,326,2.5,8.1,15.87,43.00,3.32,999.0
601,04/26/21 00:15:00,320,1.5,5.0,14.60,46.30,3.22,"1,000.0"
602,04/26/21 01:15:00,296,3.0,7.5,13.67,48.70,3.07,"1,000.9"
603,04/26/21 02:15:00,312,2.5,6.5,12.65,46.10,1.38,"1,001.4"
604,04/26/21 03:15:00,295,4.0,10.6,11.44,46.60,0.42,"1,002.4"
605,04/26/21 04:15:00,288,5.0,12.1,9.04,41.10,-3.47,"1,003.8"
606,04/26/21 05:15:00,295,3.5,10.1,7.24,43.10,-4.46,"1,004.7"
607,04/26/21 06:15:00,319,2.0,8.1,5.97,47.10,-4.45,"1,004.8"
608,04/26/21 07:15:00,329,1.5,6.0,5.64,48.90,-4.25,"1,005.4"
609,04/26/21 08:15:00,358,1.5,7.5,5.51,49.00,-4.34,"1,005.4"
610,04/26/21 09:15:00,314,3.0,8.6,4.71,51.40,-4.45,"1,006.4"
611,04/26/21 10:15:00,279,3.0,7.0,3.93,55.80,-4.09,"1,007.2"
612,04/26/21 11:15:00,300,1.5,6.5,4.82,51.00,-4.46,"1,008.0"
613,04/26/21 12:15:00,291,4.0,9.6,5.31,49.10,-4.51,"1,008.4"
614,04/26/21 13:15:00,286,4.0,9.6,6.64,40.50,-5.83,"1,007.2"
615,04/26/21 14:15:00,286,4.5,9.6,8.29,34.90,-6.29,"1,007.4"
616,04/26/21 15:15:00,284,3.5,10.6,10.30,30.90,-6.12,"1,007.2"
617,04/26/21 16:15:00,272,3.0,7.0,11.61,28.90,-5.85,"1,006.9"
618,04/26/21 17:15:00,272,3.0,7.5,12.99,27.00,-5.56,"1,006.5"
619,04/26/21 18:15:00,299,3.0,7.5,12.82,24.20,-7.13,"1,006.8"
620,04/26/21 19:15:00,288,2.5,7.5,15.46,22.60,-5.79,"1,007.3"
621,04/26/21 20:15:00,270,3.0,8.6,15.82,20.80,-6.57,"1,007.2"
622,04/26/21 21:15:00,285,3.0,9.1,15.22,18.90,-8.31,"1,007.3"
623,04/26/21 22:15:00,288,3.5,8.1,14.89,18.80,-8.65,"1,008.0"
624,04/26/21 23:15:00,316,3.0,7.5,13.67,21.60,-7.88,"1,008.9"
625,04/27/21 00:15:00,331,1.5,6.0,10.83,27.90,-6.99,"1,009.9"
626,04/27/21 01:15:00,302,2.0,6.5,9.73,28.70,-7.57,"1,010.5"
627,04/27/21 02:15:00,329,1.0,4.0,8.89,30.50,-7.52,"1,010.7"
628,04/27/21 03:15:00,292,1.5,4.0,7.67,32.80,-7.65,"1,011.1"
629,04/27/21 04:15:00,216,0.0,2.0,7.09,36.00,-6.96,"1,011.1"
630,04/27/21 05:15:00,230,0.0,2.0,6.05,37.80,-7.26,"1,011.5"
631,04/27/21 06:15:00,234,0.0,0.5,6.00,41.70,-6.03,"1,011.7"
632,04/27/21 07:15:00,213,0.0,2.0,5.85,37.20,-7.65,"1,011.4"
633,04/27/21 08:15:00,188,0.0,1.0,4.79,48.80,-5.06,"1,011.7"
634,04/27/21 09:15:00,188,0.0,1.5,5.36,42.40,-6.39,"1,011.9"
635,04/27/21 10:15:00,220,0.0,2.0,4.61,53.50,-4.02,"1,012.3"
636,04/27/21 11:15:00,208,0.0,1.5,5.33,54.20,-3.17,"1,012.6"
637,04/27/21 12:15:00,208,0.0,1.5,7.12,50.20,-2.54,"1,012.3"
638,04/27/21 13:15:00,191,0.5,2.5,8.47,40.40,-4.21,"1,011.5"
639,04/27/21 14:15:00,174,1.0,3.0,10.98,37.80,-2.85,"1,010.9"
640,04/27/21 15:15:00,108,0.5,3.0,14.79,27.80,-3.62,"1,008.8"
641,04/27/21 16:15:00,69,1.0,4.0,16.15,23.60,-4.64,"1,007.7"
642,04/27/21 17:15:00,107,1.0,3.5,18.20,23.40,-3.03,"1,006.6"
643,04/27/21 18:15:00,108,0.5,4.0,21.01,20.80,-2.26,"1,006.0"
644,04/27/21 19:15:00,104,1.0,3.5,21.89,21.10,-1.34,"1,005.6"
645,04/27/21 20:15:00,131,1.0,4.0,23.57,21.70,0.44,"1,004.5"
646,04/27/21 21:15:00,157,1.5,5.0,23.57,20.70,-0.21,"1,004.3"
647,04/27/21 22:15:00,190,1.5,5.0,22.66,23.30,0.66,"1,004.1"
648,04/27/21 23:15:00,180,1.5,4.5,21.17,25.60,0.72,"1,004.4"
649,04/28/21 00:15:00,175,1.0,3.5,18.98,27.50,-0.17,"1,004.6"
650,04/28/21 01:15:00,150,1.0,3.5,17.53,31.30,0.36,"1,005.5"
651,04/28/21 02:15:00,149,0.5,4.0,16.18,32.90,-0.14,"1,005.3"
652,04/28/21 03:15:00,156,0.5,3.0,15.20,35.20,-0.07,"1,005.3"
653,04/28/21 04:15:00,170,1.0,4.5,14.62,38.50,0.66,"1,004.9"
654,04/28/21 05:15:00,167,0.0,1.0,13.09,48.50,2.49,"1,004.5"
655,04/28/21 06:15:00,168,0.5,5.0,13.33,48.30,2.65,"1,004.6"
656,04/28/21 07:15:00,15,0.5,4.5,12.92,47.10,1.92,"1,004.4"
657,04/28/21 08:15:00,37,0.0,2.0,11.03,55.70,2.52,"1,004.4"
658,04/28/21 09:15:00,37,0.0,0.5,10.25,61.40,3.16,"1,004.2"
659,04/28/21 10:15:00,37,0.0,1.5,10.03,62.50,3.20,"1,004.6"
660,04/28/21 11:15:00,37,0.0,1.0,11.42,61.10,4.20,"1,004.4"
661,04/28/21 12:15:00,303,0.0,1.5,14.00,51.40,4.15,"1,004.2"
662,04/28/21 13:15:00,198,0.5,3.5,17.77,43.30,5.14,"1,003.1"
663,04/28/21 14:15:00,180,0.5,3.0,21.17,37.40,6.08,"1,002.4"
664,04/28/21 15:15:00,105,1.0,3.0,21.84,36.70,6.40,"1,001.5"
665,04/28/21 16:15:00,135,0.5,3.0,22.97,35.30,6.83,"1,001.5"
666,04/28/21 17:15:00,97,0.5,3.5,26.52,31.10,8.08,"1,000.3"
667,04/28/21 18:15:00,81,0.5,3.0,26.74,31.70,8.55,999.4
668,04/28/21 19:15:00,97,1.0,4.0,28.59,31.00,9.83,998.9
669,04/28/21 20:15:00,128,1.0,4.5,29.21,31.30,10.51,997.9
670,04/28/21 21:15:00,133,0.5,3.5,28.79,30.60,9.80,997.8
671,04/28/21 22:15:00,314,0.5,3.0,26.60,35.40,10.07,998.6
672,04/28/21 23:15:00,17,5.0,14.6,19.15,61.90,11.69,"1,001.1"
673,04/29/21 00:15:00,27,2.5,8.1,16.25,81.60,13.11,"1,002.2"
674,04/29/21 01:15:00,97,0.0,3.0,15.94,86.50,13.71,"1,002.0"
675,04/29/21 02:15:00,201,0.5,3.0,15.70,89.60,14.01,"1,002.0"
676,04/29/21 03:15:00,216,0.5,3.5,15.51,90.60,14.00,"1,001.7"
677,04/29/21 04:15:00,202,0.5,2.5,15.03,92.50,13.84,"1,001.1"
678,04/29/21 05:15:00,199,0.5,2.5,15.10,93.20,14.03,"1,000.9"
679,04/29/21 06:15:00,185,1.0,3.0,15.44,92.90,14.31,"1,000.4"
680,04/29/21 07:15:00,163,0.0,3.0,15.34,92.80,14.20,"1,000.4"
681,04/29/21 08:15:00,171,0.5,2.5,15.13,93.50,14.10,"1,000.1"
682,04/29/21 09:15:00,183,0.0,1.0,15.22,94.60,14.38,999.6
683,04/29/21 10:15:00,184,0.0,1.5,15.72,94.60,14.88,999.8
684,04/29/21 11:15:00,168,0.0,2.0,16.42,94.10,15.48,999.6
685,04/29/21 12:15:00,31,0.0,2.5,17.34,93.80,16.36,999.1
686,04/29/21 13:15:00,14,0.0,1.0,17.46,93.00,16.34,998.7
687,04/29/21 14:15:00,79,0.0,1.5,17.18,94.80,16.36,998.7
688,04/29/21 15:15:00,117,0.0,2.0,18.32,93.40,17.26,997.9
689,04/29/21 16:15:00,104,0.0,3.5,18.82,93.30,17.74,996.8
690,04/29/21 17:15:00,114,0.0,1.5,19.48,93.30,18.40,996.4
691,04/29/21 18:15:00,121,0.0,2.0,20.72,91.50,19.31,995.2
692,04/29/21 19:15:00,161,0.5,3.0,20.67,92.20,19.39,994.1
693,04/29/21 20:15:00,177,1.0,3.5,19.79,95.60,19.10,992.5
694,04/29/21 21:15:00,157,0.5,4.0,19.06,97.40,18.66,991.4
695,04/29/21 22:15:00,17,0.5,3.5,16.22,98.20,15.96,990.5
696,04/29/21 23:15:00,7,0.5,3.0,15.46,98.90,15.31,989.8
